dataset,time
a3,43777.674000000006
a3e1,25415.885
a3e2,112095.024
a3e3,946648.1379999999
dim032,39474.14
dim032e1,24589.95
dim032e2,108352.443
dim032e3,956134.166
dim128,40330.09
dim128e1,30214.164
dim128e2,133822.193
dim128e3,376295.396
dim512,43953.325
dim512e1,35845.099
dim512e2,161824.551
dim512e3,427483.514
