dataset,time
a3,37865.325
a3e1,23659.592
a3e2,107992.186
dim032,31116.62
dim032e1,21628.543
dim032e2,101727.403
dim128,28894.438
dim128e1,27157.14
dim128e2,127634.80099999999
dim128e3,409849.69899999996
a3e3,936183.48
dim032e3,931067.931
dim512,34289.936
dim512e1,35267.324
dim512e2,160775.675
dim512e3,791216.539
